TumorID	Gene	Effect	MutationType	HGVS_p
T-1023	TP53	missense_variant	Missense_Mutation	p.Asp249Val
T-1023	TP53	missense_variant	Missense_Mutation	p.Ile222Thr
T-1096	TP53	splice_acceptor_variant&intron_variant	Splice_Site	NA
T-1166	TP53	missense_variant	Missense_Mutation	p.Gly234Glu
T-1166	TP53	missense_variant	Missense_Mutation	p.Leu184Pro
T-1166	TP53BP2	synonymous_variant	Silent	p.Leu267Leu
T-1166	TP53BP2	missense_variant	Missense_Mutation	p.Ala535Val
T-1192	TP53	missense_variant	Missense_Mutation	p.Arg164His
T-1246	TP53	missense_variant	Missense_Mutation	p.Ser231Phe
T-1247	TP53	splice_acceptor_variant&intron_variant	Splice_Site	NA
T-1272	TP53I13	synonymous_variant	Silent	p.Ser386Ser
T-134	TP53	missense_variant	Missense_Mutation	p.Cys265Tyr
T-149	TP53	missense_variant	Missense_Mutation	p.Arg238Gln
T-149	TP53BP2	missense_variant	Missense_Mutation	p.Val800Leu
T-149	TP53BP1	synonymous_variant	Silent	p.His88His
T-153	TP53	synonymous_variant	Silent	p.Ala361Ala
T-153	TP53	missense_variant	Missense_Mutation	p.Leu184Phe
T-153	TP53	frameshift_variant	Frame_Shift_Del	p.Ser79fs
T-153	TP53BP2	missense_variant	Missense_Mutation	p.Ala535Val
T-153	TP53BP2	synonymous_variant	Silent	p.Ser710Ser
T-153	TP53BP2	missense_variant	Missense_Mutation	p.Val800Leu
T-153	TP53I3	synonymous_variant	Silent	p.Leu298Leu
T-153	TP53RK	missense_variant	Missense_Mutation	p.Pro64Thr
T-153	TP53RK	missense_variant	Missense_Mutation	p.Ala38Pro
T-153	TP53BP1	missense_variant	Missense_Mutation	p.Val645Met
T-153	TP53BP1	missense_variant	Missense_Mutation	p.Gly156Arg
T-153	TP53BP1	synonymous_variant	Silent	p.His88His
T-25	TP53	missense_variant	Missense_Mutation	p.Arg164His
T-25	TP53BP1	missense_variant	Missense_Mutation	p.Glu145Gly
T-346	TP53	missense_variant	Missense_Mutation	p.Cys265Arg
T-399	TP53	missense_variant	Missense_Mutation	p.Gly269Arg
T-399	TP53	missense_variant	Missense_Mutation	p.Gly234Glu
T-399	TP53	frameshift_variant	Frame_Shift_Del	p.Asp13fs
T-399	TP53BP2	missense_variant	Missense_Mutation	p.Ala535Val
T-399	TP53BP2	missense_variant	Missense_Mutation	p.Val800Leu
T-399	TP53TG5	missense_variant	Missense_Mutation	p.Gly274Glu
T-399	TP53TG5	missense_variant	Missense_Mutation	p.Cys269Arg
T-424	TP53	stop_gained	Nonsense_Mutation	p.Arg186*
T-458	TP53	stop_gained	Nonsense_Mutation	p.Ile185*
T-458	TP53	missense_variant	Missense_Mutation	p.Leu184Pro
T-458	TP53	frameshift_variant	Frame_Shift_Ins	p.Trp113fs
T-458	TP53BP2	missense_variant	Missense_Mutation	p.Leu382Val
T-458	TP53BP2	missense_variant	Missense_Mutation	p.Ala535Val
T-458	TP53BP2	missense_variant	Missense_Mutation	p.Gln570Leu
T-458	TP53BP2	missense_variant	Missense_Mutation	p.Val800Leu
T-458	TP53RK	missense_variant	Missense_Mutation	p.Pro64Thr
T-458	TP53RK	missense_variant	Missense_Mutation	p.Ala38Pro
T-458	TP53INP1	missense_variant	Missense_Mutation	p.Cys82Arg
T-458	TP53BP1	synonymous_variant	Silent	p.His88His
T-554	TP53	missense_variant	Missense_Mutation	p.Gly269Arg
T-554	TP53	missense_variant&splice_region_variant	Missense_Mutation	p.Thr114Met
T-74	TP53	missense_variant	Missense_Mutation	p.Leu134Gln
T-74	TP53INP2	stop_gained	Nonsense_Mutation	p.Trp71*
T-843	TP53	missense_variant	Missense_Mutation	p.Ala108Gly
T-856	TP53	frameshift_variant	Frame_Shift_Del	p.Glu284fs
T-856	TP53	missense_variant	Missense_Mutation	p.Leu184Phe
T-907	TP53	stop_gained	Nonsense_Mutation	p.Arg203*
T-907	TP53BP1	missense_variant	Missense_Mutation	p.Phe17Leu
T-992	TP53	missense_variant	Missense_Mutation	p.Gly189Glu
T-992	TP53	missense_variant	Missense_Mutation	p.His183Arg
